                  epoch,         train/box_loss,         train/cls_loss,         train/dfl_loss,   metrics/precision(B),      metrics/recall(B),       metrics/mAP50(B),    metrics/mAP50-95(B),           val/box_loss,           val/cls_loss,           val/dfl_loss,                 lr/pg0,                 lr/pg1,                 lr/pg2
                      0,                  1.673,                 2.4905,                 1.5733,                0.68598,                0.23125,                0.26522,                0.10561,                 1.9165,                 2.6396,                  1.706,             0.00046641,             0.00046641,             0.00046641
                      1,                 1.7069,                 1.8997,                 1.5668,                0.59624,                0.23357,                0.24514,                0.09064,                 2.1278,                 2.6399,                 2.0903,             0.00093901,             0.00093901,             0.00093901
                      2,                  1.709,                  1.914,                 1.6016,                0.26642,                0.27312,                 0.1782,                0.06332,                 2.1597,                 2.9107,                 2.0541,              0.0014078,              0.0014078,              0.0014078
                      3,                 1.7596,                 1.8775,                  1.624,                0.34809,                0.29323,                 0.2583,                0.10353,                 2.1715,                 2.6303,                 2.0706,               0.001412,               0.001412,               0.001412
                      4,                 1.7469,                 1.8402,                 1.6257,                0.49079,                0.29678,                0.28221,                0.10683,                  2.053,                  2.712,                 1.9352,               0.001412,               0.001412,               0.001412
                      5,                 1.7105,                 1.7969,                 1.5858,                0.38728,                0.40547,                0.35071,                0.14336,                 2.1213,                 2.4779,                 2.0736,              0.0014064,              0.0014064,              0.0014064
                      6,                  1.698,                 1.7146,                 1.5777,                0.44693,                0.41695,                 0.3229,                0.13413,                  2.053,                 2.4566,                  1.961,              0.0014007,              0.0014007,              0.0014007
                      7,                 1.6688,                 1.7111,                 1.5679,                0.46584,                0.44289,                0.36109,                0.13941,                 2.0281,                   2.56,                 1.8564,               0.001395,               0.001395,               0.001395
                      8,                 1.6716,                 1.6577,                 1.5661,                 0.4667,                0.47377,                0.45859,                0.18498,                 2.0075,                 1.8831,                 1.8203,              0.0013894,              0.0013894,              0.0013894
                      9,                 1.6605,                 1.6519,                 1.5621,                0.49776,                0.38452,                0.38247,                0.16044,                 1.9742,                 2.0468,                  1.886,              0.0013837,              0.0013837,              0.0013837
                     10,                 1.6307,                 1.5733,                 1.5363,                0.52171,                0.44216,                0.42214,                 0.1723,                 2.0148,                 2.0037,                 1.9104,              0.0013781,              0.0013781,              0.0013781
                     11,                 1.6222,                 1.5537,                 1.5283,                0.55451,                0.45009,                0.46617,                0.21266,                 1.9047,                 1.8561,                 1.8264,              0.0013724,              0.0013724,              0.0013724
                     12,                 1.6111,                 1.5402,                 1.5217,                0.56464,                 0.4819,                0.50029,                0.22363,                 1.9405,                  1.695,                  1.827,              0.0013668,              0.0013668,              0.0013668
                     13,                 1.6039,                 1.5065,                 1.5172,                0.62137,                0.45612,                0.49381,                0.21398,                 1.9591,                 1.8875,                 1.8236,              0.0013611,              0.0013611,              0.0013611
                     14,                 1.5998,                 1.5028,                 1.5001,                0.57834,                0.40423,                0.46296,                0.20427,                 1.9573,                 1.9591,                 1.8875,              0.0013554,              0.0013554,              0.0013554
                     15,                 1.5588,                 1.4459,                 1.4966,                0.66814,                0.53387,                0.54216,                0.23712,                 1.9733,                 1.7181,                 1.8289,              0.0013498,              0.0013498,              0.0013498
                     16,                  1.566,                 1.4374,                 1.4819,                0.69311,                0.51331,                0.56008,                0.26276,                 1.8568,                 1.5944,                  1.742,              0.0013441,              0.0013441,              0.0013441
                     17,                 1.5368,                 1.4135,                 1.4792,                0.63267,                 0.5383,                0.56472,                 0.2496,                 1.9209,                 1.6304,                 1.7684,              0.0013385,              0.0013385,              0.0013385
                     18,                 1.5496,                 1.4054,                 1.4689,                0.60631,                0.52988,                0.53708,                0.24951,                 1.9235,                 1.6698,                 1.7928,              0.0013328,              0.0013328,              0.0013328
                     19,                  1.528,                 1.4116,                 1.4695,                 0.6678,                0.50755,                0.54831,                0.23308,                 1.9143,                 1.6005,                  1.757,              0.0013271,              0.0013271,              0.0013271
                     20,                 1.5326,                 1.3751,                 1.4651,                0.62158,                0.49831,                0.55455,                0.24493,                 1.8461,                 1.6085,                  1.786,              0.0013215,              0.0013215,              0.0013215
                     21,                  1.537,                 1.3777,                 1.4706,                0.70021,                0.50689,                0.57439,                0.26826,                 1.8943,                 1.5448,                 1.7632,              0.0013158,              0.0013158,              0.0013158
                     22,                 1.5254,                 1.3741,                 1.4585,                 0.6627,                0.54857,                0.57589,                0.26204,                 1.8794,                 1.5749,                 1.7577,              0.0013102,              0.0013102,              0.0013102
                     23,                 1.5248,                 1.3506,                 1.4563,                 0.6817,                 0.5451,                0.60167,                0.28248,                  1.846,                 1.4436,                  1.715,              0.0013045,              0.0013045,              0.0013045
                     24,                 1.4682,                 1.3058,                 1.4221,                0.69374,                0.48845,                0.54018,                0.24007,                 1.9063,                 1.6058,                 1.7644,              0.0012988,              0.0012988,              0.0012988
                     25,                 1.5055,                  1.296,                 1.4336,                0.68933,                0.54652,                0.58493,                0.27076,                 1.8514,                 1.4326,                 1.7825,              0.0012932,              0.0012932,              0.0012932
                     26,                 1.4785,                 1.2943,                 1.4263,                0.76917,                0.49302,                0.58611,                0.26948,                 1.9022,                 1.5154,                 1.7439,              0.0012875,              0.0012875,              0.0012875
                     27,                 1.4714,                 1.2895,                 1.4287,                0.68071,                0.56698,                0.59635,                0.26806,                 1.9128,                 1.4447,                 1.7999,              0.0012819,              0.0012819,              0.0012819
                     28,                 1.4909,                 1.2726,                 1.4133,                0.72485,                 0.5336,                0.62176,                0.28757,                 1.8317,                 1.3878,                 1.7087,              0.0012762,              0.0012762,              0.0012762
                     29,                 1.4939,                 1.2868,                 1.4187,                0.63864,                0.52263,                 0.5487,                0.25939,                 1.8748,                  1.498,                 1.7809,              0.0012706,              0.0012706,              0.0012706
                     30,                 1.4584,                 1.2716,                 1.4236,                0.71962,                0.54586,                0.60373,                 0.2676,                  1.924,                 1.4537,                 1.7732,              0.0012649,              0.0012649,              0.0012649
                     31,                 1.4495,                 1.2412,                 1.4056,                0.63405,                0.52542,                0.55754,                0.25523,                 1.8927,                 1.5401,                 1.7509,              0.0012592,              0.0012592,              0.0012592
                     32,                 1.4549,                 1.2451,                 1.4037,                0.70215,                0.58273,                0.64254,                 0.3029,                 1.8089,                 1.3365,                 1.6941,              0.0012536,              0.0012536,              0.0012536
                     33,                 1.4509,                  1.225,                 1.4071,                0.76102,                0.53465,                0.60865,                0.27229,                  1.911,                 1.4748,                 1.8018,              0.0012479,              0.0012479,              0.0012479
                     34,                 1.4388,                 1.1996,                 1.3901,                0.67666,                0.57836,                0.60928,                0.27994,                 1.8474,                  1.413,                  1.754,              0.0012423,              0.0012423,              0.0012423
                     35,                 1.4185,                 1.1731,                 1.3784,                 0.6874,                0.58301,                0.61251,                0.28504,                 1.8683,                 1.3867,                  1.707,              0.0012366,              0.0012366,              0.0012366
                     36,                 1.4427,                 1.2174,                 1.3968,                0.70291,                0.57188,                0.61179,                0.28767,                 1.8531,                 1.3408,                 1.7207,              0.0012309,              0.0012309,              0.0012309
                     37,                 1.4168,                  1.174,                 1.3729,                0.69185,                0.56497,                0.60924,                0.28669,                 1.8273,                 1.3722,                 1.7174,              0.0012253,              0.0012253,              0.0012253
                     38,                 1.4279,                 1.1917,                 1.3876,                0.73531,                0.54864,                0.61325,                0.28359,                 1.8248,                 1.4347,                 1.7201,              0.0012196,              0.0012196,              0.0012196
                     39,                 1.4144,                 1.1814,                 1.3752,                0.69139,                0.53607,                0.58174,                0.26409,                 1.9136,                 1.5082,                 1.8069,               0.001214,               0.001214,               0.001214
                     40,                 1.4257,                 1.1732,                 1.3706,                 0.7556,                0.55349,                0.62929,                0.29614,                 1.7846,                  1.365,                 1.6627,              0.0012083,              0.0012083,              0.0012083
                     41,                 1.4171,                 1.1605,                 1.3655,                 0.6824,                0.61783,                0.64147,                0.29956,                 1.7813,                 1.3054,                 1.6795,              0.0012026,              0.0012026,              0.0012026
                     42,                 1.4186,                 1.1659,                 1.3701,                0.69506,                0.57285,                0.62897,                0.29456,                  1.846,                 1.3876,                 1.7202,               0.001197,               0.001197,               0.001197
                     43,                 1.3935,                 1.1223,                 1.3645,                0.75031,                0.58131,                0.64979,                0.29775,                 1.8217,                 1.2918,                 1.7079,              0.0011913,              0.0011913,              0.0011913
                     44,                 1.3976,                 1.1263,                  1.364,                0.70906,                0.56466,                0.62087,                0.28454,                 1.8263,                  1.336,                 1.7435,              0.0011857,              0.0011857,              0.0011857
                     45,                  1.387,                 1.1051,                 1.3497,                0.71069,                0.59426,                0.64176,                0.30639,                 1.7826,                 1.2774,                 1.6575,                0.00118,                0.00118,                0.00118
                     46,                 1.3721,                 1.1139,                 1.3591,                0.71171,                0.59661,                0.66675,                0.32204,                 1.7631,                  1.309,                 1.6655,              0.0011744,              0.0011744,              0.0011744
                     47,                 1.3818,                  1.116,                 1.3505,                0.79767,                0.53172,                0.66042,                0.30242,                 1.7702,                 1.3049,                 1.6698,              0.0011687,              0.0011687,              0.0011687
                     48,                 1.3862,                 1.0965,                 1.3456,                0.76085,                0.61341,                0.69549,                0.32096,                  1.793,                 1.2223,                 1.6773,               0.001163,               0.001163,               0.001163
                     49,                 1.3826,                 1.0918,                 1.3472,                0.66293,                0.58384,                0.63111,                 0.2948,                 1.8583,                 1.3799,                 1.7238,              0.0011574,              0.0011574,              0.0011574
                     50,                 1.3808,                 1.0955,                 1.3494,                0.73566,                0.58545,                0.65685,                0.31033,                 1.8376,                  1.305,                 1.6947,              0.0011517,              0.0011517,              0.0011517
                     51,                 1.3606,                 1.0941,                 1.3308,                0.72186,                0.60388,                0.66663,                0.31868,                 1.8041,                 1.3607,                 1.6679,              0.0011461,              0.0011461,              0.0011461
                     52,                  1.359,                  1.057,                 1.3378,                0.79755,                0.53601,                0.65443,                0.31031,                 1.7691,                 1.2902,                 1.6696,              0.0011404,              0.0011404,              0.0011404
                     53,                 1.3631,                 1.0792,                 1.3381,                0.79246,                0.58636,                0.67378,                0.32504,                 1.7916,                 1.2087,                 1.6659,              0.0011347,              0.0011347,              0.0011347
                     54,                 1.3551,                  1.073,                  1.343,                 0.7835,                0.58627,                0.67168,                0.31926,                 1.7545,                 1.2568,                 1.6426,              0.0011291,              0.0011291,              0.0011291
                     55,                 1.3406,                 1.0533,                 1.3189,                0.76371,                0.55169,                0.63199,                0.30557,                 1.8064,                 1.3142,                 1.6947,              0.0011234,              0.0011234,              0.0011234
                     56,                 1.3364,                 1.0439,                 1.3169,                 0.7505,                 0.6014,                0.66783,                0.32188,                 1.7983,                 1.2406,                  1.692,              0.0011178,              0.0011178,              0.0011178
                     57,                 1.3425,                 1.0459,                  1.323,                0.74106,                0.59793,                0.66957,                0.31172,                 1.7707,                 1.2547,                 1.6684,              0.0011121,              0.0011121,              0.0011121
                     58,                 1.3401,                 1.0393,                 1.3174,                0.81315,                0.56056,                0.67368,                0.32181,                 1.7879,                 1.2093,                 1.7024,              0.0011064,              0.0011064,              0.0011064
                     59,                 1.3145,                 1.0296,                  1.319,                0.73878,                 0.6175,                 0.6754,                0.32102,                 1.8195,                 1.2236,                 1.7053,              0.0011008,              0.0011008,              0.0011008
                     60,                 1.3383,                 1.0425,                 1.3227,                0.73772,                0.62894,                0.68719,                0.33071,                 1.7704,                 1.2079,                  1.668,              0.0010951,              0.0010951,              0.0010951
                     61,                 1.3131,                 1.0022,                 1.2992,                0.75326,                0.61248,                0.66243,                0.30537,                 1.8303,                 1.2204,                  1.716,              0.0010895,              0.0010895,              0.0010895
                     62,                 1.3142,                 1.0168,                 1.3096,                 0.6985,                0.62549,                 0.6553,                0.31998,                  1.785,                 1.2364,                 1.6456,              0.0010838,              0.0010838,              0.0010838
                     63,                  1.297,                 1.0253,                 1.3084,                0.82392,                0.56595,                0.67456,                 0.3139,                 1.8355,                 1.2162,                 1.6898,              0.0010782,              0.0010782,              0.0010782
                     64,                 1.3238,                  1.019,                 1.3161,                0.78183,                0.59375,                 0.6716,                0.32314,                 1.7336,                 1.2457,                 1.6647,              0.0010725,              0.0010725,              0.0010725
                     65,                 1.3068,                 1.0083,                 1.3078,                0.78039,                0.58373,                0.67738,                0.31561,                 1.7958,                 1.2192,                 1.6991,              0.0010668,              0.0010668,              0.0010668
                     66,                  1.312,                 1.0024,                 1.3112,                0.73985,                0.57592,                0.64129,                0.29562,                 1.8373,                 1.2813,                 1.7066,              0.0010612,              0.0010612,              0.0010612
                     67,                 1.2879,                0.98042,                 1.2884,                0.74191,                0.63057,                0.68329,                0.33184,                 1.7901,                  1.195,                 1.6819,              0.0010555,              0.0010555,              0.0010555
                     68,                 1.2855,                0.96838,                 1.2875,                0.76204,                0.58773,                0.66556,                 0.3067,                 1.8116,                 1.2166,                 1.7043,              0.0010499,              0.0010499,              0.0010499
                     69,                 1.2756,                0.98353,                  1.289,                 0.7311,                0.61895,                0.67278,                 0.3195,                 1.7965,                  1.211,                 1.6929,              0.0010442,              0.0010442,              0.0010442
                     70,                 1.2761,                0.96575,                 1.2953,                0.81307,                0.61622,                0.69655,                0.32677,                 1.7743,                 1.1818,                 1.6675,              0.0010385,              0.0010385,              0.0010385
                     71,                 1.2909,                0.98997,                 1.2933,                0.75741,                0.61369,                 0.6704,                0.31867,                 1.8264,                  1.173,                 1.7195,              0.0010329,              0.0010329,              0.0010329
                     72,                 1.2855,                0.98121,                 1.2824,                0.85712,                 0.5643,                0.67664,                0.31534,                 1.8435,                 1.1852,                 1.7496,              0.0010272,              0.0010272,              0.0010272
                     73,                 1.2937,                0.96007,                 1.2893,                0.83338,                 0.6265,                 0.7017,                0.32688,                 1.8253,                 1.1456,                 1.7102,              0.0010216,              0.0010216,              0.0010216
                     74,                 1.2839,                0.95545,                 1.2877,                0.85759,                 0.5361,                 0.6681,                0.30208,                 1.8653,                  1.255,                 1.7698,              0.0010159,              0.0010159,              0.0010159
                     75,                 1.2761,                0.94966,                 1.2785,                 0.8065,                0.61847,                0.70605,                0.33257,                 1.7796,                 1.1239,                 1.6644,              0.0010102,              0.0010102,              0.0010102
                     76,                 1.2809,                0.95277,                 1.2744,                0.80009,                0.63785,                0.70865,                0.34237,                 1.7585,                 1.1597,                 1.6474,              0.0010046,              0.0010046,              0.0010046
                     77,                 1.2917,                0.97357,                 1.2858,                0.77116,                0.63765,                0.69046,                0.33688,                 1.7993,                 1.1339,                 1.6742,             0.00099893,             0.00099893,             0.00099893
                     78,                 1.2834,                0.95635,                 1.2751,                0.85161,                0.61935,                0.69668,                0.33026,                 1.8062,                  1.214,                  1.728,             0.00099327,             0.00099327,             0.00099327
                     79,                 1.2517,                0.93643,                 1.2719,                0.79183,                0.60125,                0.67616,                0.32481,                 1.8242,                 1.1509,                 1.7095,             0.00098761,             0.00098761,             0.00098761
                     80,                   1.25,                0.92012,                 1.2654,                0.76177,                0.62917,                0.67934,                0.32686,                 1.8022,                 1.2045,                  1.724,             0.00098195,             0.00098195,             0.00098195
                     81,                 1.2441,                0.92099,                 1.2751,                0.73121,                0.57483,                0.63607,                0.30944,                 1.8144,                 1.2628,                 1.7252,             0.00097629,             0.00097629,             0.00097629
                     82,                 1.2561,                0.91143,                 1.2732,                0.81895,                0.59722,                0.69745,                0.33297,                 1.7865,                 1.1416,                 1.6813,             0.00097063,             0.00097063,             0.00097063
                     83,                 1.2568,                0.91578,                  1.258,                0.76532,                0.60567,                0.67202,                0.32975,                   1.82,                 1.1842,                 1.7069,             0.00096498,             0.00096498,             0.00096498
                     84,                 1.2362,                0.90973,                 1.2554,                0.72657,                0.61753,                0.68467,                0.33391,                 1.7926,                 1.1613,                 1.6927,             0.00095932,             0.00095932,             0.00095932
                     85,                 1.2195,                0.90315,                  1.247,                0.75848,                0.60238,                0.66592,                0.30839,                 1.8425,                 1.2676,                 1.7632,             0.00095366,             0.00095366,             0.00095366
                     86,                 1.2363,                0.91916,                  1.258,                0.76342,                0.59786,                0.66452,                0.31021,                 1.8521,                  1.224,                  1.761,               0.000948,               0.000948,               0.000948
                     87,                 1.2276,                0.88985,                  1.253,                0.78807,                0.62159,                0.69537,                0.33221,                 1.8243,                  1.158,                 1.6972,             0.00094234,             0.00094234,             0.00094234
                     88,                 1.2126,                0.89727,                 1.2385,                0.79307,                0.63444,                0.71253,                0.34383,                 1.8103,                 1.1132,                 1.6742,             0.00093668,             0.00093668,             0.00093668
                     89,                 1.2481,                0.90795,                 1.2505,                0.72916,                0.66272,                0.70156,                0.33435,                 1.8061,                 1.1667,                 1.6891,             0.00093102,             0.00093102,             0.00093102
                     90,                 1.2118,                0.88902,                 1.2466,                0.71398,                0.60941,                0.67148,                0.31742,                 1.8417,                 1.1619,                 1.7252,             0.00092536,             0.00092536,             0.00092536
                     91,                 1.2204,                0.89018,                 1.2438,                0.79281,                0.60036,                0.69536,                0.32324,                 1.8517,                 1.1354,                 1.7258,              0.0009197,              0.0009197,              0.0009197
                     92,                  1.196,                0.87896,                 1.2426,                0.74418,                0.63777,                0.68518,                0.33183,                 1.7832,                 1.1482,                  1.697,             0.00091405,             0.00091405,             0.00091405
                     93,                 1.2291,                0.89049,                 1.2531,                0.85238,                0.60914,                0.70813,                0.33353,                   1.82,                 1.1222,                 1.6927,             0.00090839,             0.00090839,             0.00090839
                     94,                 1.2217,                0.87705,                 1.2419,                 0.7616,                0.62736,                0.70145,                0.32969,                 1.8094,                 1.1338,                 1.6781,             0.00090273,             0.00090273,             0.00090273
                     95,                 1.2017,                0.88051,                 1.2453,                0.77949,                0.60553,                0.68523,                0.33076,                 1.7776,                  1.196,                 1.7074,             0.00089707,             0.00089707,             0.00089707
                     96,                 1.2201,                0.87246,                 1.2443,                0.82865,                0.62008,                0.71231,                 0.3349,                 1.7884,                 1.0888,                 1.6604,             0.00089141,             0.00089141,             0.00089141
                     97,                 1.1944,                0.86678,                 1.2263,                0.80949,                0.64004,                0.72018,                0.35519,                 1.7587,                 1.0782,                 1.6493,             0.00088575,             0.00088575,             0.00088575
                     98,                 1.2049,                0.86682,                 1.2365,                0.81024,                0.63618,                0.71957,                0.35942,                 1.7629,                 1.1015,                 1.6524,             0.00088009,             0.00088009,             0.00088009
                     99,                 1.1828,                0.85234,                 1.2307,                0.80123,                0.60844,                0.70341,                0.33979,                 1.7894,                 1.1068,                 1.7108,             0.00087443,             0.00087443,             0.00087443
                    100,                 1.1782,                0.85899,                 1.2275,                0.80612,                 0.6358,                0.70078,                0.33545,                 1.7752,                 1.0974,                 1.6984,             0.00086877,             0.00086877,             0.00086877
                    101,                 1.1748,                0.85659,                  1.227,                0.80862,                0.65465,                0.72742,                0.34725,                 1.8002,                 1.1235,                 1.6905,             0.00086312,             0.00086312,             0.00086312
                    102,                 1.1651,                0.84602,                 1.2217,                0.83866,                0.63103,                0.71943,                0.33824,                 1.8101,                  1.116,                 1.7126,             0.00085746,             0.00085746,             0.00085746
                    103,                 1.1845,                0.84868,                 1.2202,                0.81424,                0.62226,                0.71681,                0.34531,                 1.8236,                 1.0866,                 1.7278,              0.0008518,              0.0008518,              0.0008518
                    104,                 1.1808,                0.84665,                 1.2289,                0.81853,                0.62261,                0.71074,                0.33891,                 1.8247,                 1.1006,                 1.7301,             0.00084614,             0.00084614,             0.00084614
                    105,                 1.1604,                0.83303,                 1.2153,                0.83054,                0.59616,                 0.6938,                0.32369,                 1.8332,                 1.1305,                 1.7411,             0.00084048,             0.00084048,             0.00084048
                    106,                 1.1778,                0.84227,                 1.2148,                0.83542,                0.60705,                0.70117,                0.33238,                 1.7952,                 1.1264,                 1.7139,             0.00083482,             0.00083482,             0.00083482
                    107,                 1.1702,                0.83111,                 1.2223,                0.73561,                0.63965,                0.68667,                0.32677,                 1.8236,                  1.165,                 1.6973,             0.00082916,             0.00082916,             0.00082916
                    108,                 1.1771,                0.85049,                 1.2217,                0.77965,                0.66215,                0.71208,                0.33812,                 1.8239,                 1.1389,                 1.7116,              0.0008235,              0.0008235,              0.0008235
                    109,                 1.1844,                0.83756,                  1.219,                0.85222,                 0.6391,                0.73101,                0.33525,                 1.8386,                    1.1,                 1.7492,             0.00081785,             0.00081785,             0.00081785
                    110,                 1.1841,                0.83269,                 1.2152,                0.82785,                0.63458,                 0.7123,                0.34418,                 1.8087,                 1.1063,                 1.7128,             0.00081219,             0.00081219,             0.00081219
                    111,                 1.1681,                0.83099,                  1.208,                0.87259,                0.62754,                0.72618,                0.34859,                 1.7945,                 1.0479,                  1.702,             0.00080653,             0.00080653,             0.00080653
                    112,                 1.1676,                0.83018,                 1.2152,                0.80649,                0.61993,                0.72088,                0.34081,                 1.7975,                 1.1014,                 1.7214,             0.00080087,             0.00080087,             0.00080087
                    113,                 1.1347,                0.81644,                 1.1959,                 0.8547,                0.63045,                0.73823,                0.34152,                 1.8047,                  1.098,                 1.7223,             0.00079521,             0.00079521,             0.00079521
                    114,                 1.1581,                0.82891,                 1.2229,                0.75835,                0.67248,                0.71752,                0.33703,                   1.81,                  1.075,                  1.727,             0.00078955,             0.00078955,             0.00078955
                    115,                  1.155,                0.80812,                 1.2021,                0.85421,                0.65253,                0.72988,                0.35193,                 1.7735,                 1.0417,                 1.7015,             0.00078389,             0.00078389,             0.00078389
                    116,                 1.1546,                0.81183,                 1.2048,                0.82796,                0.64297,                0.71362,                0.34433,                 1.8016,                 1.1153,                 1.7078,             0.00077823,             0.00077823,             0.00077823
                    117,                 1.1318,                 0.7991,                 1.2008,                0.78576,                0.66571,                0.72851,                 0.3427,                 1.8027,                 1.1163,                 1.7218,             0.00077257,             0.00077257,             0.00077257
                    118,                 1.1261,                0.80604,                 1.2015,                0.78964,                0.62065,                0.70397,                0.34666,                 1.7698,                 1.1376,                 1.7027,             0.00076692,             0.00076692,             0.00076692
                    119,                 1.1368,                0.79878,                  1.201,                0.87416,                0.61994,                0.71342,                0.33993,                 1.7837,                 1.1121,                  1.707,             0.00076126,             0.00076126,             0.00076126
                    120,                 1.1393,                0.80986,                 1.1966,                0.79556,                0.62945,                0.69997,                0.33579,                 1.7938,                 1.0817,                 1.7027,              0.0007556,              0.0007556,              0.0007556
                    121,                 1.1202,                0.78607,                 1.1832,                0.86555,                 0.6344,                0.73545,                0.35115,                 1.7802,                  1.042,                 1.7078,             0.00074994,             0.00074994,             0.00074994
                    122,                  1.111,                0.78259,                 1.1915,                0.78657,                0.66368,                0.70944,                0.34499,                 1.7908,                 1.0795,                 1.7076,             0.00074428,             0.00074428,             0.00074428
                    123,                 1.1222,                0.77951,                 1.1904,                0.83428,                0.61475,                0.71409,                0.34371,                  1.792,                   1.07,                 1.7163,             0.00073862,             0.00073862,             0.00073862
                    124,                 1.1185,                0.78564,                 1.1916,                0.82884,                0.63558,                0.72344,                0.34671,                 1.8181,                 1.0655,                 1.7277,             0.00073296,             0.00073296,             0.00073296
                    125,                 1.1318,                0.79275,                 1.1945,                  0.803,                0.64781,                0.71664,                0.34551,                 1.8151,                 1.0757,                 1.6976,              0.0007273,              0.0007273,              0.0007273
                    126,                 1.1173,                0.79532,                 1.1865,                0.78763,                0.67794,                0.71612,                0.34014,                 1.7984,                 1.0653,                 1.6975,             0.00072164,             0.00072164,             0.00072164
                    127,                 1.1258,                0.79243,                  1.194,                0.76369,                0.64371,                0.69105,                 0.3308,                 1.8078,                 1.1288,                 1.7304,             0.00071599,             0.00071599,             0.00071599
                    128,                 1.1096,                0.77256,                 1.1862,                  0.864,                0.63076,                0.73607,                0.35184,                 1.7883,                 1.0318,                 1.6974,             0.00071033,             0.00071033,             0.00071033
                    129,                 1.0993,                0.76755,                 1.1801,                0.80144,                0.66421,                0.72016,                0.33465,                 1.8138,                 1.0794,                 1.7463,             0.00070467,             0.00070467,             0.00070467
                    130,                 1.1126,                0.79082,                 1.1917,                0.77134,                0.66068,                 0.7101,                0.33171,                 1.8159,                 1.0998,                 1.7576,             0.00069901,             0.00069901,             0.00069901
                    131,                 1.0968,                0.76609,                 1.1752,                0.84348,                0.61377,                 0.7212,                0.33689,                  1.825,                 1.0329,                 1.7587,             0.00069335,             0.00069335,             0.00069335
                    132,                 1.0966,                0.74979,                 1.1643,                0.84182,                0.65874,                0.73866,                0.35192,                 1.8047,                 1.0772,                 1.7242,             0.00068769,             0.00068769,             0.00068769
                    133,                 1.1147,                0.76924,                 1.1879,                0.82348,                0.67558,                0.73739,                0.34843,                 1.7914,                 1.0492,                 1.7094,             0.00068203,             0.00068203,             0.00068203
                    134,                 1.1275,                0.77318,                 1.1856,                0.86114,                0.64464,                0.72771,                0.34622,                 1.8064,                 1.0776,                  1.727,             0.00067637,             0.00067637,             0.00067637
                    135,                 1.0909,                0.76972,                  1.184,                0.83026,                0.67342,                0.73864,                0.36137,                 1.7723,                 1.0419,                 1.7071,             0.00067072,             0.00067072,             0.00067072
                    136,                 1.1083,                0.76272,                 1.1769,                0.81731,                0.64223,                0.73174,                 0.3475,                  1.814,                 1.0731,                 1.7511,             0.00066506,             0.00066506,             0.00066506
                    137,                 1.0943,                0.76684,                 1.1764,                0.78972,                0.64858,                0.71289,                 0.3302,                 1.8463,                 1.0758,                 1.7826,              0.0006594,              0.0006594,              0.0006594
                    138,                  1.093,                0.75246,                 1.1706,                0.82745,                 0.6515,                0.72057,                0.33807,                 1.8083,                 1.0586,                 1.7365,             0.00065374,             0.00065374,             0.00065374
                    139,                 1.0878,                0.75321,                 1.1718,                0.85739,                0.66672,                0.74003,                0.35147,                 1.7921,                 1.0498,                 1.7077,             0.00064808,             0.00064808,             0.00064808
                    140,                  1.092,                  0.757,                 1.1684,                0.85889,                0.62996,                0.72553,                0.34773,                 1.8091,                 1.0676,                 1.7227,             0.00064242,             0.00064242,             0.00064242
                    141,                 1.0691,                0.73196,                 1.1575,                 0.8335,                0.64232,                0.72644,                0.34503,                  1.797,                  1.076,                 1.7163,             0.00063676,             0.00063676,             0.00063676
                    142,                 1.0868,                0.74869,                 1.1683,                0.83782,                0.66797,                0.72277,                0.35446,                 1.7807,                 1.0527,                  1.703,              0.0006311,              0.0006311,              0.0006311
                    143,                 1.0703,                0.75777,                 1.1722,                0.82611,                0.64509,                0.71994,                0.34463,                 1.8093,                 1.0594,                 1.7402,             0.00062544,             0.00062544,             0.00062544
                    144,                  1.078,                0.74724,                  1.167,                0.77807,                0.66844,                0.72152,                0.34096,                 1.8218,                 1.0481,                  1.742,             0.00061979,             0.00061979,             0.00061979
                    145,                 1.0773,                0.75152,                 1.1672,                0.77226,                0.65968,                0.71056,                0.34125,                 1.8149,                 1.0787,                 1.7206,             0.00061413,             0.00061413,             0.00061413
                    146,                 1.0627,                 0.7396,                 1.1702,                0.82435,                0.65609,                0.72564,                0.34957,                 1.8298,                 1.0565,                 1.7328,             0.00060847,             0.00060847,             0.00060847
                    147,                 1.0538,                0.72187,                 1.1504,                0.83869,                0.64046,                 0.7273,                0.34344,                 1.8326,                 1.1027,                 1.7548,             0.00060281,             0.00060281,             0.00060281
                    148,                 1.0783,                0.74451,                 1.1675,                0.83267,                0.65021,                0.72214,                0.34139,                 1.8172,                 1.0701,                 1.7515,             0.00059715,             0.00059715,             0.00059715
                    149,                  1.062,                 0.7353,                 1.1553,                0.87316,                0.62642,                0.72444,                0.34992,                 1.8082,                 1.0627,                 1.7389,             0.00059149,             0.00059149,             0.00059149
                    150,                 1.0739,                0.73916,                 1.1653,                0.84218,                0.65205,                0.74244,                0.34637,                 1.8032,                 1.0414,                 1.7652,             0.00058583,             0.00058583,             0.00058583
                    151,                 1.0745,                0.73234,                 1.1594,                0.85782,                0.66618,                 0.7423,                0.35308,                 1.8069,                  1.035,                  1.766,             0.00058017,             0.00058017,             0.00058017
                    152,                 1.0506,                0.72224,                 1.1526,                0.80991,                 0.6485,                0.72874,                0.34796,                  1.811,                 1.0724,                  1.743,             0.00057452,             0.00057452,             0.00057452
                    153,                 1.0547,                0.72991,                 1.1571,                0.81639,                0.63653,                0.72264,                0.34558,                 1.8118,                 1.0907,                 1.7405,             0.00056886,             0.00056886,             0.00056886
                    154,                 1.0434,                0.72018,                 1.1557,                0.83031,                0.64464,                0.72623,                0.34111,                 1.8102,                 1.0868,                 1.7457,              0.0005632,              0.0005632,              0.0005632
                    155,                 1.0436,                0.71163,                 1.1494,                 0.8144,                0.65726,                0.72812,                0.34183,                 1.7953,                 1.0624,                  1.735,             0.00055754,             0.00055754,             0.00055754
                    156,                 1.0356,                0.70653,                 1.1416,                0.75524,                0.67433,                0.71646,                0.33754,                  1.827,                 1.0719,                 1.7769,             0.00055188,             0.00055188,             0.00055188
                    157,                 1.0393,                 0.7079,                  1.143,                0.81647,                0.66389,                 0.7384,                0.34492,                 1.8362,                 1.0629,                  1.787,             0.00054622,             0.00054622,             0.00054622
                    158,                 1.0375,                0.71284,                 1.1486,                0.78602,                0.68121,                0.73403,                0.35038,                 1.8099,                 1.0734,                 1.7652,             0.00054056,             0.00054056,             0.00054056
                    159,                 1.0468,                0.71829,                 1.1416,                0.77528,                 0.6577,                0.70964,                0.33439,                 1.8188,                 1.0846,                 1.7835,              0.0005349,              0.0005349,              0.0005349
                    160,                 1.0333,                0.70437,                 1.1404,                0.83022,                0.64261,                0.72616,                0.34733,                 1.8156,                 1.0828,                 1.7525,             0.00052924,             0.00052924,             0.00052924
                    161,                 1.0154,                0.68608,                 1.1309,                0.83103,                0.63805,                0.72177,                0.34164,                 1.8299,                 1.0896,                 1.7669,             0.00052359,             0.00052359,             0.00052359
                    162,                 1.0258,                0.69189,                 1.1372,                0.75473,                0.67615,                0.71706,                 0.3438,                 1.8321,                  1.125,                 1.7694,             0.00051793,             0.00051793,             0.00051793
                    163,                 1.0308,                0.69542,                  1.134,                 0.8043,                 0.6923,                0.73411,                0.35718,                 1.7807,                 1.0537,                 1.7242,             0.00051227,             0.00051227,             0.00051227
                    164,                 1.0449,                0.70142,                 1.1313,                0.80334,                0.67036,                0.73443,                0.34772,                  1.799,                 1.0515,                 1.7165,             0.00050661,             0.00050661,             0.00050661
                    165,                 1.0271,                0.70392,                 1.1355,                 0.8348,                0.66148,                0.73895,                0.35236,                 1.7836,                 1.0988,                 1.7208,             0.00050095,             0.00050095,             0.00050095
                    166,                 1.0238,                0.70058,                 1.1354,                0.80402,                0.68157,                 0.7505,                0.34785,                 1.8247,                 1.0656,                 1.7695,             0.00049529,             0.00049529,             0.00049529
                    167,                 1.0231,                0.68767,                 1.1352,                0.81335,                0.66006,                0.72706,                0.33905,                 1.8207,                 1.1029,                 1.7784,             0.00048963,             0.00048963,             0.00048963
                    168,                 1.0092,                0.69653,                 1.1284,                0.79075,                0.65448,                0.71709,                0.33826,                 1.8096,                 1.0619,                 1.7633,             0.00048397,             0.00048397,             0.00048397
                    169,                 1.0215,                0.69328,                 1.1349,                0.80939,                 0.6387,                0.72028,                0.33384,                 1.8465,                 1.1137,                 1.7798,             0.00047831,             0.00047831,             0.00047831
                    170,                  1.005,                0.67602,                 1.1275,                0.84912,                 0.6248,                0.71923,                0.33978,                 1.8353,                 1.1169,                 1.7905,             0.00047266,             0.00047266,             0.00047266
                    171,                 1.0063,                0.68456,                 1.1266,                0.78933,                0.66488,                0.71966,                0.34117,                 1.8347,                 1.0866,                   1.79,               0.000467,               0.000467,               0.000467
                    172,                 1.0174,                0.68528,                 1.1335,                0.82356,                0.66619,                0.72604,                0.34274,                 1.8067,                 1.0584,                 1.7837,             0.00046134,             0.00046134,             0.00046134
                    173,                 1.0176,                0.69221,                 1.1376,                0.86052,                0.65126,                0.74104,                0.34163,                 1.8158,                 1.0978,                  1.789,             0.00045568,             0.00045568,             0.00045568
                    174,                 1.0083,                 0.6931,                 1.1324,                0.83121,                0.65104,                0.73097,                0.34377,                 1.8116,                 1.0562,                 1.7579,             0.00045002,             0.00045002,             0.00045002
                    175,                 1.0134,                0.68179,                  1.125,                0.88657,                0.64055,                 0.7348,                0.35166,                 1.8166,                 1.0594,                 1.7685,             0.00044436,             0.00044436,             0.00044436
                    176,                0.99795,                 0.6804,                 1.1252,                0.86642,                0.64568,                0.73898,                0.35389,                 1.7996,                 1.0711,                 1.7715,              0.0004387,              0.0004387,              0.0004387
                    177,                0.98893,                0.66451,                 1.1163,                0.83343,                0.68146,                0.75229,                 0.3515,                 1.7945,                 1.0294,                 1.7748,             0.00043304,             0.00043304,             0.00043304
                    178,                 1.0028,                0.68244,                 1.1319,                0.85678,                0.66496,                0.75048,                0.34183,                 1.8193,                 1.0674,                 1.7839,             0.00042739,             0.00042739,             0.00042739
                    179,                0.98382,                0.67264,                 1.1201,                0.86871,                0.64217,                0.74628,                0.35065,                 1.8289,                 1.0784,                 1.7793,             0.00042173,             0.00042173,             0.00042173
                    180,                0.98696,                0.67993,                 1.1202,                0.87462,                0.64026,                0.74188,                0.34514,                 1.8192,                 1.0455,                 1.7881,             0.00041607,             0.00041607,             0.00041607
                    181,                 0.9768,                0.65325,                 1.1084,                0.81421,                0.66058,                0.73461,                0.33903,                 1.8301,                  1.062,                 1.7883,             0.00041041,             0.00041041,             0.00041041
                    182,                0.99608,                0.67401,                  1.121,                0.81014,                0.66142,                0.74275,                0.35364,                 1.8337,                 1.0778,                 1.7845,             0.00040475,             0.00040475,             0.00040475
                    183,                0.97343,                0.66095,                 1.1132,                0.86448,                0.65726,                0.72705,                0.34072,                 1.8504,                 1.0773,                 1.8063,             0.00039909,             0.00039909,             0.00039909
                    184,                0.96461,                0.65368,                 1.1097,                0.83367,                0.63695,                0.72571,                0.34298,                 1.8393,                 1.1005,                 1.7894,             0.00039343,             0.00039343,             0.00039343
                    185,                0.98158,                0.65662,                  1.108,                0.82469,                0.67385,                0.73926,                0.34438,                 1.8243,                 1.0862,                 1.7978,             0.00038777,             0.00038777,             0.00038777
                    186,                0.98075,                0.65332,                 1.1159,                0.85503,                0.64463,                0.73939,                0.35215,                 1.8164,                 1.0297,                 1.7805,             0.00038211,             0.00038211,             0.00038211
                    187,                0.96259,                0.65496,                 1.1107,                 0.8232,                0.64932,                0.72944,                0.34534,                  1.819,                  1.036,                 1.7798,             0.00037646,             0.00037646,             0.00037646
                    188,                0.98014,                0.66411,                 1.1194,                0.85835,                0.64943,                0.72436,                0.34555,                 1.8205,                  1.071,                 1.7829,              0.0003708,              0.0003708,              0.0003708
                    189,                0.97633,                0.65373,                 1.1157,                0.80349,                  0.661,                0.72122,                0.33924,                 1.8261,                 1.0941,                 1.7827,             0.00036514,             0.00036514,             0.00036514
                    190,                0.98225,                0.65432,                 1.1188,                0.83747,                0.64967,                0.72301,                0.34327,                 1.8346,                 1.0637,                 1.7869,             0.00035948,             0.00035948,             0.00035948
                    191,                0.96497,                0.64781,                 1.1031,                0.82891,                0.63653,                0.71965,                0.33598,                 1.8231,                 1.0837,                 1.7821,             0.00035382,             0.00035382,             0.00035382
                    192,                0.96139,                0.63998,                 1.1037,                 0.8473,                0.62904,                0.71968,                0.34333,                 1.8312,                  1.105,                 1.8005,             0.00034816,             0.00034816,             0.00034816
                    193,                0.96459,                0.65063,                 1.1102,                0.85585,                0.64229,                0.72761,                0.34939,                 1.8158,                   1.09,                 1.7868,              0.0003425,              0.0003425,              0.0003425
                    194,                0.98365,                0.64903,                 1.1008,                0.80455,                0.66142,                0.72504,                 0.3442,                 1.8258,                 1.0747,                 1.7983,             0.00033684,             0.00033684,             0.00033684
                    195,                0.95373,                0.63701,                 1.0946,                0.77008,                0.70613,                0.73686,                0.34602,                 1.8394,                 1.0659,                 1.8064,             0.00033119,             0.00033119,             0.00033119
                    196,                0.96055,                0.65205,                 1.1009,                0.79956,                0.67955,                0.73861,                0.34958,                  1.827,                 1.0732,                 1.7998,             0.00032553,             0.00032553,             0.00032553
                    197,                0.93777,                0.63805,                 1.0958,                0.80212,                0.67092,                0.73586,                 0.3517,                 1.8262,                 1.0729,                  1.801,             0.00031987,             0.00031987,             0.00031987
                    198,                0.93209,                0.61956,                 1.0963,                0.82338,                0.68546,                0.73164,                0.35034,                 1.8373,                 1.0639,                 1.8214,             0.00031421,             0.00031421,             0.00031421
                    199,                0.96483,                0.64555,                 1.1132,                0.83021,                0.67415,                0.73293,                0.34351,                 1.8421,                 1.0631,                 1.8178,             0.00030855,             0.00030855,             0.00030855
                    200,                0.94307,                0.63161,                 1.1003,                0.82936,                0.66261,                0.72753,                 0.3426,                   1.84,                 1.0998,                 1.8131,             0.00030289,             0.00030289,             0.00030289
                    201,                0.94799,                0.63457,                 1.0989,                0.86238,                0.63898,                 0.7235,                0.35318,                 1.8146,                  1.055,                 1.7942,             0.00029723,             0.00029723,             0.00029723
                    202,                0.94772,                0.63399,                 1.1002,                0.82755,                 0.6851,                0.73932,                0.35365,                 1.8161,                 1.0478,                 1.7881,             0.00029157,             0.00029157,             0.00029157
                    203,                0.94794,                0.63529,                 1.0935,                0.86089,                0.65812,                0.74904,                0.35312,                 1.8289,                 1.0404,                 1.8039,             0.00028591,             0.00028591,             0.00028591
                    204,                0.93025,                0.61863,                 1.0947,                0.80909,                0.68433,                0.73515,                0.34706,                 1.8381,                 1.0721,                  1.819,             0.00028026,             0.00028026,             0.00028026
                    205,                0.94277,                0.63212,                 1.0983,                0.84738,                0.65764,                0.73953,                0.35206,                 1.8323,                 1.0817,                 1.8167,              0.0002746,              0.0002746,              0.0002746
                    206,                0.95224,                0.62527,                 1.0938,                0.84144,                0.64685,                0.72881,                0.34831,                 1.8334,                 1.0957,                 1.7907,             0.00026894,             0.00026894,             0.00026894
                    207,                0.92964,                0.61934,                 1.0913,                0.80342,                0.68569,                0.72978,                0.34846,                 1.8266,                 1.0926,                 1.7903,             0.00026328,             0.00026328,             0.00026328
                    208,                0.93509,                0.62721,                 1.0955,                0.86801,                0.66972,                0.73774,                0.34925,                 1.8324,                 1.0644,                 1.8082,             0.00025762,             0.00025762,             0.00025762
                    209,                0.93178,                0.62456,                 1.0949,                0.85031,                0.67696,                0.74057,                0.35214,                 1.8203,                 1.0576,                 1.7953,             0.00025196,             0.00025196,             0.00025196
                    210,                0.93629,                0.63639,                 1.0993,                0.81018,                0.67364,                0.73495,                0.35272,                 1.8187,                 1.0451,                 1.8145,              0.0002463,              0.0002463,              0.0002463
                    211,                0.91839,                0.61097,                 1.0913,                0.81359,                0.66893,                0.73339,                0.35781,                 1.8148,                 1.0474,                 1.8168,             0.00024064,             0.00024064,             0.00024064
                    212,                0.91024,                0.60534,                 1.0866,                0.84727,                0.65813,                0.73724,                0.35774,                 1.8243,                  1.065,                 1.8212,             0.00023498,             0.00023498,             0.00023498
                    213,                0.92875,                0.62253,                 1.0877,                0.87221,                0.67203,                0.74927,                0.35623,                 1.8256,                 1.0739,                 1.8207,             0.00022933,             0.00022933,             0.00022933
                    214,                  0.932,                0.61769,                 1.0832,                0.86709,                0.66168,                0.73905,                0.35555,                 1.8322,                 1.0499,                 1.8183,             0.00022367,             0.00022367,             0.00022367
                    215,                0.91493,                0.60886,                  1.085,                0.84801,                0.66976,                0.74762,                 0.3584,                 1.8171,                 1.0739,                 1.8046,             0.00021801,             0.00021801,             0.00021801
                    216,                0.93089,                0.62095,                 1.0902,                0.83912,                0.66454,                0.73542,                0.35198,                 1.8301,                 1.1112,                 1.8221,             0.00021235,             0.00021235,             0.00021235
                    217,                0.93085,                0.61496,                 1.0842,                0.83063,                0.66192,                0.72939,                0.34418,                  1.838,                 1.1031,                 1.8293,             0.00020669,             0.00020669,             0.00020669
                    218,                0.92951,                0.61943,                 1.0938,                0.83175,                 0.6567,                0.72332,                0.34415,                 1.8349,                 1.0914,                 1.8298,             0.00020103,             0.00020103,             0.00020103
                    219,                0.89492,                0.59323,                 1.0766,                0.84646,                0.63828,                0.72631,                0.35007,                 1.8257,                 1.0712,                 1.8143,             0.00019537,             0.00019537,             0.00019537
                    220,                0.91365,                0.60861,                 1.0817,                 0.8355,                0.64732,                0.72613,                0.35382,                 1.8109,                 1.0642,                 1.8065,             0.00018971,             0.00018971,             0.00018971
                    221,                0.91934,                0.60429,                 1.0829,                0.81172,                0.68136,                0.73867,                0.36014,                 1.8158,                 1.0671,                 1.8122,             0.00018406,             0.00018406,             0.00018406
                    222,                0.88676,                0.59644,                  1.071,                0.83486,                0.66335,                0.73299,                0.35691,                 1.8171,                 1.0655,                 1.8115,              0.0001784,              0.0001784,              0.0001784
                    223,                0.89708,                0.59609,                 1.0779,                0.86121,                 0.6625,                0.73704,                0.35443,                 1.8138,                 1.0532,                 1.8156,             0.00017274,             0.00017274,             0.00017274
                    224,                0.89729,                 0.5958,                 1.0739,                0.84765,                0.67416,                 0.7377,                0.35316,                 1.8179,                 1.0615,                 1.8183,             0.00016708,             0.00016708,             0.00016708
                    225,                0.90831,                0.60302,                 1.0753,                0.81418,                0.67569,                0.72771,                0.35161,                 1.8233,                 1.0626,                   1.82,             0.00016142,             0.00016142,             0.00016142
                    226,                0.90517,                0.60091,                 1.0776,                0.84014,                0.65326,                  0.728,                0.34936,                 1.8204,                 1.0805,                  1.819,             0.00015576,             0.00015576,             0.00015576
                    227,                0.89931,                0.60216,                 1.0756,                 0.8272,                0.66242,                 0.7291,                 0.3525,                 1.8221,                 1.0796,                 1.8265,              0.0001501,              0.0001501,              0.0001501
                    228,                0.89407,                0.58826,                 1.0709,                0.81433,                0.66834,                0.72216,                0.35017,                 1.8183,                 1.0764,                 1.8237,             0.00014444,             0.00014444,             0.00014444
                    229,                0.89245,                0.60064,                 1.0745,                0.81402,                0.66321,                0.72454,                0.34831,                 1.8263,                 1.0838,                 1.8362,             0.00013878,             0.00013878,             0.00013878
                    230,                0.89039,                0.59255,                 1.0775,                0.81595,                0.66006,                0.71663,                0.34894,                 1.8172,                 1.0862,                  1.828,             0.00013313,             0.00013313,             0.00013313
                    231,                0.90777,                0.60484,                 1.0728,                 0.8058,                0.65595,                0.71705,                0.34782,                 1.8211,                 1.0928,                 1.8203,             0.00012747,             0.00012747,             0.00012747
                    232,                0.88246,                0.57952,                 1.0626,                0.83351,                0.64933,                0.72403,                0.35086,                 1.8178,                 1.0825,                  1.824,             0.00012181,             0.00012181,             0.00012181
                    233,                0.90372,                0.60466,                 1.0781,                0.85392,                0.65443,                0.73297,                0.35359,                 1.8157,                 1.0904,                 1.8275,             0.00011615,             0.00011615,             0.00011615
                    234,                0.88526,                0.58229,                 1.0684,                0.85052,                 0.6585,                0.73603,                0.35249,                 1.8134,                 1.0898,                 1.8237,             0.00011049,             0.00011049,             0.00011049
                    235,                0.87175,                0.58164,                  1.069,                0.86189,                0.64344,                0.73627,                0.35421,                 1.8062,                 1.0842,                 1.8133,             0.00010483,             0.00010483,             0.00010483
                    236,                0.88256,                0.58372,                 1.0702,                 0.8407,                0.66428,                0.74064,                0.35357,                 1.8045,                 1.0727,                 1.8129,             9.9173e-05,             9.9173e-05,             9.9173e-05
                    237,                0.88496,                0.59182,                  1.078,                0.84772,                0.65364,                0.73037,                0.35012,                 1.8098,                 1.0777,                 1.8151,             9.3514e-05,             9.3514e-05,             9.3514e-05
                    238,                0.88679,                0.58595,                 1.0788,                 0.8569,                0.66135,                0.73882,                0.35108,                 1.8083,                 1.0689,                 1.8129,             8.7855e-05,             8.7855e-05,             8.7855e-05
                    239,                0.87561,                0.57766,                 1.0676,                 0.8755,                0.64613,                0.73582,                0.35231,                 1.8138,                 1.0765,                 1.8128,             8.2196e-05,             8.2196e-05,             8.2196e-05
                    240,                0.79016,                0.47007,                 1.0257,                0.87924,                0.64356,                0.72709,                0.34568,                 1.8272,                 1.0524,                 1.8385,             7.6537e-05,             7.6537e-05,             7.6537e-05
                    241,                0.76948,                0.44915,                 1.0193,                0.85467,                0.65516,                0.72797,                 0.3424,                 1.8277,                 1.0448,                 1.8466,             7.0878e-05,             7.0878e-05,             7.0878e-05
                    242,                0.74741,                0.43328,                  1.002,                0.83754,                0.66321,                0.72772,                0.34554,                 1.8242,                 1.0407,                 1.8448,              6.522e-05,              6.522e-05,              6.522e-05
                    243,                0.75202,                0.43745,                  1.003,                0.84994,                0.66268,                0.72575,                0.34355,                 1.8203,                 1.0425,                 1.8387,             5.9561e-05,             5.9561e-05,             5.9561e-05
                    244,                0.73949,                0.42925,                 0.9989,                0.83862,                0.66283,                0.72704,                0.34666,                 1.8201,                 1.0483,                 1.8438,             5.3902e-05,             5.3902e-05,             5.3902e-05
                    245,                0.74772,                0.42625,                 1.0016,                0.84208,                0.66798,                 0.7346,                0.34917,                  1.819,                 1.0485,                 1.8408,             4.8243e-05,             4.8243e-05,             4.8243e-05
                    246,                0.73621,                 0.4219,                  0.989,                 0.8217,                0.67048,                0.72756,                0.34588,                 1.8188,                 1.0509,                  1.839,             4.2584e-05,             4.2584e-05,             4.2584e-05
                    247,                0.74449,                0.42274,                0.99329,                0.83082,                0.65638,                0.72444,                 0.3447,                 1.8272,                 1.0541,                 1.8502,             3.6925e-05,             3.6925e-05,             3.6925e-05
                    248,                0.74047,                0.42572,                0.99634,                0.82737,                0.65604,                0.72713,                0.34619,                 1.8222,                 1.0497,                 1.8474,             3.1267e-05,             3.1267e-05,             3.1267e-05
                    249,                0.73193,                0.41996,                0.98821,                0.81901,                0.66517,                0.72651,                0.34655,                 1.8226,                 1.0511,                  1.849,             2.5608e-05,             2.5608e-05,             2.5608e-05
